gene_id	wart_change	wart_before	wart_after	p_inter_treatment	p_same_treatment	tes	tes_curve_r2	tes_curve_coeff	average_expression	cannonical_mods	wam_before	wam_after	wam_change
PF3D7_0530000.1	2.3370600760314084	0.1542120824323728	0.360402901094363	2.4843184177076957e-16	0.013286134459476774	1224161	[np.float64(0.8300103777009468), np.float64(0.7583274912186277), np.float64(0.6633128636970911), np.float64(0.8508968478854725)]	[np.float64(47.304939691571875), np.float64(44.35321126139799), np.float64(1.4488908344090168), np.float64(2.142599964613539)]	223	[1224208, 1224270, 1224292, 1223834]	0.7545454545454546	0.4370786516853933	0.5792608636794369
