gene_id	wart_change	wart_before	wart_after	p_inter_treatment	p_same_treatment	tes	tes_curve_r2	tes_curve_coeff	average_expression	cannonical_mods	wam_before	wam_after	wam_change
PF3D7_1442300.1	6.167395773482812	0.03838613858059226	0.23674250884227022	6.374703956542883e-57	0.0015991529901140274	1712105	[np.float64(0.928131665315747), np.float64(0.9776784320807345), np.float64(0.9347011919240915), np.float64(0.9356795534574457)]	[np.float64(12.545126041798405), np.float64(232.16676748001458), np.float64(85.4209188557324), np.float64(81.66355649839637)]	499	[1712216, 1712223]	0.7687747035573123	0.39780353874313606	0.5174513897275754
