gene_id	wart_change	wart_before	wart_after	p_inter_treatment	p_same_treatment	tes	tes_curve_r2	tes_curve_coeff	average_expression	cannonical_mods	wam_before	wam_after	wam_change
PF3D7_1463000.1	1.925628937064423	0.008717426897817083	0.01678652949118032	0.32435459309016235	0.3236067375072354	2564073	[np.float64(0.8126781949615277), np.float64(0.8438379017860741), np.float64(0.9974158827971237), np.float64(0.9764942871883723)]	[np.float64(1.9007631828937142), np.float64(11.338543008203464), np.float64(284.4377717436016), np.float64(68.09633495141479)]	325	[2564395, 2564837]	0.7632743362831859	0.4331896551724138	0.5675412293853074
